commpany,href
山东山大华天软件有限公司,https://www.tianyancha.com/company/372402757
武汉天喻软件有限公司,https://www.tianyancha.com/company/1288875833
广州中望龙腾软件股份有限公司,https://www.tianyancha.com/company/1749577393
苏州浩辰软件股份有限公司,https://www.tianyancha.com/company/652900086
北京数码大方科技股份有限公司,https://www.tianyancha.com/company/1985358
武汉开目信息技术股份有限公司,https://www.tianyancha.com/company/2357722727
北京艾克斯特科技有限公司,https://www.tianyancha.com/company/3712151
北京瑞风协同科技股份有限公司,https://www.tianyancha.com/company/25575188
天河智造(北京)科技股份有限公司,https://www.tianyancha.com/company/2310289610
杭州新迪数字工程系统有限公司,https://www.tianyancha.com/company/1618194796
西安中线软件技术有限公司,https://www.tianyancha.com/company/3093500766
武汉尧创软件科技有限责任公司,https://www.tianyancha.com/company/1207364423
上海利驰软件有限公司,https://www.tianyancha.com/company/654269531
山东华云三维科技有限公司,https://www.tianyancha.com/company/3385155385
成都梦想凯德科技有限公司,https://www.tianyancha.com/company/2389174615
易士软件(上海)有限公司,https://www.tianyancha.com/company/5333834975
南京维拓科技股份有限公司,https://www.tianyancha.com/company/3068351508
杰为软件系统(深圳)有限公司,https://www.tianyancha.com/company/2351667236
北京典道互联科技有限公司,https://www.tianyancha.com/company/25325880
北京中科凯思科技有限公司,https://www.tianyancha.com/company/22833796
北京瑞达天润科技有限公司,https://www.tianyancha.com/company/2358280200
北京世冠金洋科技发展有限公司,https://www.tianyancha.com/company/14515503
安世亚太科技股份有限公司,https://www.tianyancha.com/company/24598201
南京天洑软件有限公司,https://www.tianyancha.com/company/2316457200
广州中望龙腾软件股份有限公司,https://www.tianyancha.com/company/1749577393
北京数码大方科技股份有限公司,https://www.tianyancha.com/company/1985358
北京安怀信科技股份有限公司,https://www.tianyancha.com/company/2310788797
上海望友信息科技有限公司,https://www.tianyancha.com/company/2322308907
南京远思智能科技有限公司,https://www.tianyancha.com/company/2357897601
北京适创科技有限公司,https://www.tianyancha.com/company/2561233104
北京瑞风协同科技股份有限公司,https://www.tianyancha.com/company/25575188
苏州同元软控信息技术有限公司,https://www.tianyancha.com/company/33033942
北京索为系统技术股份有限公司,https://www.tianyancha.com/company/2347254789
杭州易泰达科技有限公司,https://www.tianyancha.com/company/58501975
上海七通智能科技股份有限公司,https://www.tianyancha.com/company/3227809154
上海泛云信息科技有限公司,https://www.tianyancha.com/company/1055427724
北京华天海峰科技股份有限公司,https://www.tianyancha.com/company/2351741245
中仿智能科技(上海)股份有限公司,https://www.tianyancha.com/company/2352557129
北京华如科技股份有限公司,https://www.tianyancha.com/company/1835572
西安前沿动力软件开发有限责任公司,https://www.tianyancha.com/company/2315344921
北京超算科技有限公司,https://www.tianyancha.com/company/30574150
北京云道智造科技有限公司,https://www.tianyancha.com/company/27249833
青岛数智船海科技有限公司,https://www.tianyancha.com/company/3105413992
中船重工奥蓝托无锡软件技术有限公司,https://www.tianyancha.com/company/2349684732
北京五一视界数字李生科技股份有限公,https://www.tianyancha.com/company/2345031475
西安云际数字科技有限公司,https://www.tianyancha.com/company/3062967244
易士软件(上海)有限公司,https://www.tianyancha.com/company/661961740
南京维拓科技股份有限公司,https://www.tianyancha.com/company/3068351508
重庆励颐拓软件有限公司,https://www.tianyancha.com/company/3211863985
英特工程仿真技术(大连)有限公司,https://www.tianyancha.com/company/689692989
北京希格玛仿真技术有限公司,https://www.tianyancha.com/company/47376124
大连星派科技有限公司,https://www.tianyancha.com/company/3077018405
上海创景信息科技有限公司,https://www.tianyancha.com/company/3063850223
元计算(天津)科技发展有限公司,https://www.tianyancha.com/company/24999712
北京瑞达天润科技有限公司,https://www.tianyancha.com/company/2358280200
上海数巧信息科技有限公司,https://www.tianyancha.com/company/2373532336
苏州舜云工程软件有限公司,https://www.tianyancha.com/company/3343608447
北京飞箭软件有限公司,https://www.tianyancha.com/company/21052728
北京世冠金洋科技发展有限公司,https://www.tianyancha.com/company/14515503
山东山大华天软件有限公司,https://www.tianyancha.com/company/372402757
广州中望龙腾软件股份有限公司,https://www.tianyancha.com/company/1749577393
北京数码大方科技股份有限公司,https://www.tianyancha.com/company/1985358
北京安怀信科技股份有限公司,https://www.tianyancha.com/company/2310788797
南京学思信息技术有限责任公司,https://www.tianyancha.com/company/2332444161
上海望友信息科技有限公司,https://www.tianyancha.com/company/2322308907
北京精雕科技集团有限公司,https://www.tianyancha.com/company/27029801
北京华大九天科技股份有限公司,https://www.tianyancha.com/company/2867496
深圳市立创电子商务有限公司,https://www.tianyancha.com/company/2320315106
深圳鸿芯微纳技术有限公司,https://www.tianyancha.com/company/3175571409
上海国微思尔芯技术股份有限公司,https://www.tianyancha.com/company/803363743
青岛若贝电子有限公司,https://www.tianyancha.com/company/1358411539
上海概伦电子股份有限公司,https://www.tianyancha.com/company/41454763
上海阿卡思微电子技术有限公司,https://www.tianyancha.com/company/3438122947
芯和半导体科技(上海)有限公司,https://www.tianyancha.com/company/3300025503
芯华章科技股份有限公司,https://www.tianyancha.com/company/3411754189
杭州广立微电子股份有限公司,https://www.tianyancha.com/company/850972471
北京芯愿景软件技术股份有限公司,https://www.tianyancha.com/company/3381592739
杭州行芯科技有限公司,https://www.tianyancha.com/company/3202745727
上海湃睿信息科技有限公司,https://www.tianyancha.com/company/1157970190
山东山大华天软件有限公司,https://www.tianyancha.com/company/372402757
武汉天喻软件有限公司,https://www.tianyancha.com/company/1288875833
北京数码大方科技股份有限公司,https://www.tianyancha.com/company/1985358
武汉开目信息技术股份有限公司,https://www.tianyancha.com/company/2357722727
南京国睿信维软件有限公司,https://www.tianyancha.com/company/2309648078
武汉理康科技有限公司,https://www.tianyancha.com/company/1174304847
北京艾克斯特科技有限公司,https://www.tianyancha.com/company/3712151
天河智造(北京)科技股份有限公司,https://www.tianyancha.com/company/2310289610
天津市易缆科技有限公司,https://www.tianyancha.com/company/557271158
北京中科凯思科技有限公司,https://www.tianyancha.com/company/22833796
北京金山办公软件股份有限公司,https://www.tianyancha.com/company/2454809850
福建福昕软件开发股份有限公司,https://www.tianyancha.com/company/27099230
万兴科技集团股份有限公司,https://www.tianyancha.com/company/3333963924
上海湃睿信息科技有限公司,https://www.tianyancha.com/company/1157970190
山东山大华天软件有限公司,https://www.tianyancha.com/company/372402757
武汉天喻软件有限公司,https://www.tianyancha.com/company/1288875833
江苏海岸线互联网科技有限公司,https://www.tianyancha.com/company/2944460437
上海思普信息技术有限公司,https://www.tianyancha.com/company/1479450905
高亚科技(广州)有限公司,https://www.tianyancha.com/company/1428061272
北京数码大方科技股份有限公司,https://www.tianyancha.com/company/1985358
深圳市捷为科技有限公司,https://www.tianyancha.com/company/491615040
武汉开目信息技术股份有限公司,https://www.tianyancha.com/company/2357722727
深圳市青铜器软件系统有限公司,https://www.tianyancha.com/company/1396055568
上海信聚信息技术有限公司,https://www.tianyancha.com/company/1692215264
苏州方正璞华信息技术有限公司,https://www.tianyancha.com/company/28740175
南京国睿信维软件有限公司,https://www.tianyancha.com/company/2309648078
北京奥博思软件技术有限公司,https://www.tianyancha.com/company/36689244
杰信软件科技(苏州)有限公司,https://www.tianyancha.com/company/2350020794
北京艾克斯特科技有限公司,https://www.tianyancha.com/company/3712151
四川虹信软件股份有限公司,https://www.tianyancha.com/company/2352997783
广州华喜信息科技有限公司,https://www.tianyancha.com/company/1557305054
数加云联(杭州)科技有限公司,https://www.tianyancha.com/company/3423671975
深圳市天心天思软件有限公司,https://www.tianyancha.com/company/2335567675
天河智造(北京)科技股份有限公司,https://www.tianyancha.com/company/2310289610
金蝶软件(中国)有限公司,https://www.tianyancha.com/company/27522421
鼎捷软件股份有限公司,https://www.tianyancha.com/company/7930073
用友网络科技股份有限公司,https://www.tianyancha.com/company/26037681
北京神舟航天软件技术股份有限公司,https://www.tianyancha.com/company/972774
广东美云智数科技有限公司,https://www.tianyancha.com/company/3219711702
广州市罗斯泰克科技有限公司,https://www.tianyancha.com/company/2324195508
北京乾元坤和科技有限公司,https://www.tianyancha.com/company/24626328
广东三品软件科技有限公司,https://www.tianyancha.com/company/2333042687
宁波智讯联科科技有限公司,https://www.tianyancha.com/company/498152168
杭州新中大科技股份有限公司,https://www.tianyancha.com/company/3160027998
南京简睿捷软件开发有限公司,https://www.tianyancha.com/company/2351001700
中车信息技术有限公司,https://www.tianyancha.com/company/2344947645
奇秦科技(北京)股份有限公司,https://www.tianyancha.com/company/3370969036
广东安达发科技有限公司,https://www.tianyancha.com/company/579407269
南京维拓科技股份有限公司,https://www.tianyancha.com/company/3068351508
广州澜东科技有限公司,https://www.tianyancha.com/company/3150076964
北京统御至诚科技有限公司,https://www.tianyancha.com/company/24511490
启明信息技术股份有限公司,https://www.tianyancha.com/company/30779306
杰为软件系统(深圳)有限公司,https://www.tianyancha.com/company/2351667236
北京中科凯思科技有限公司,https://www.tianyancha.com/company/22833796
上海适途汽车技术有限公司,https://www.tianyancha.com/company/303224571
天心软件科技(珠海)有限公司,https://www.tianyancha.com/company/2325365119
北京宏博远达科技有限公司,https://www.tianyancha.com/company/11006508
上海御云信息科技有限公司,https://www.tianyancha.com/company/2333394059
北京寄云鼎城科技有限公司,https://www.tianyancha.com/company/28981922
深圳市三泰信息科技有限公司,https://www.tianyancha.com/company/3044210358
上海易立德信息技术股份有限公司,https://www.tianyancha.com/company/3128063792
广东数夫软件有限公司,https://www.tianyancha.com/company/1286195409
高亚科技(广州)有限公司,https://www.tianyancha.com/company/1428061272
广州丽晶软件科技股份有限公司,https://www.tianyancha.com/company/2325680177
成都任我行软件股份有限公司,https://www.tianyancha.com/company/216842921
广州市易神软件科技有限公司,https://www.tianyancha.com/company/2320926676
苏州通商软件科技有限公司,https://www.tianyancha.com/company/2351270023
北京科迪通信息技术有限公司,https://www.tianyancha.com/company/33469479
慈溪市顺通网络技术有限公司,https://www.tianyancha.com/company/1269035741
深圳市智百威科技发展有限公司,https://www.tianyancha.com/company/2321507840
北京欧尚聚创科技有限公司,https://www.tianyancha.com/company/41900040
青岛百洋智能科技股份有限公司,https://www.tianyancha.com/company/2350650603
杭州吉利易云科技有限公司,https://www.tianyancha.com/company/1285854485
中山市前卫软件科技有限公司,https://www.tianyancha.com/company/426302612
嘉兴市谷泰信息技术有限公司,https://www.tianyancha.com/company/37635932
杭州晨科软件技术有限公司,https://www.tianyancha.com/company/1276270834
上海百胜软件股份有限公司,https://www.tianyancha.com/company/1250891268
东营金石软件有限公司,https://www.tianyancha.com/company/386598776
南京云化通网络科技有限公司,https://www.tianyancha.com/company/2426574070
四川虹信软件股份有限公司,https://www.tianyancha.com/company/2352997783
苏州迈艾木软件科技有限公司,https://www.tianyancha.com/company/3358652844
数加云联(杭州)科技有限公司,https://www.tianyancha.com/company/3423671975
沈阳凯安信通科技有限公司,https://www.tianyancha.com/company/594074231
深圳市天心天思软件有限公司,https://www.tianyancha.com/company/2335567675
浙江丞易软件开发有限公司,https://www.tianyancha.com/company/2349704411
高达计算机技术(苏州)有限公司,https://www.tianyancha.com/company/2350712234
广州聚友软件科技有限公司,https://www.tianyancha.com/company/1267623559
青岛东胜伟业软件有限公司,https://www.tianyancha.com/company/2312662382
济南鲲鹏软件有限公司,https://www.tianyancha.com/company/1116429580
金蝶软件(中国)有限公司,https://www.tianyancha.com/company/27522421
上海海典软件股份有限公司,https://www.tianyancha.com/company/824221066
浪潮集团有限公司,https://www.tianyancha.com/company/6923813
鼎捷软件股份有限公司,https://www.tianyancha.com/company/7930073
广州金博信息技术有限公司,https://www.tianyancha.com/company/3056119384
广州市罗斯泰克科技有限公司,https://www.tianyancha.com/company/2324195508
北京乾元坤和科技有限公司,https://www.tianyancha.com/company/24626328
珠海天思软件技术有限公司,https://www.tianyancha.com/company/2315810412
青岛雨诺网络信息股份有限公司,https://www.tianyancha.com/company/2331480202
广州讯尔软件科技有限公司,https://www.tianyancha.com/company/1288319776
北京掌上先机网络科技有限公司,https://www.tianyancha.com/company/25179143
上海博科资讯股份有限公司,https://www.tianyancha.com/company/46669942
北京天地纵横软件有限公司,https://www.tianyancha.com/company/14395933
航天信息股份有限公司,https://www.tianyancha.com/company/12651711
厦门导航者软件科技有限公司,https://www.tianyancha.com/company/408505321
郑州圣兰软件科技有限公司,https://www.tianyancha.com/company/2319731984
杭州涵湛软件有限公司,https://www.tianyancha.com/company/2328103862
重庆金算盘软件有限公司,https://www.tianyancha.com/company/7779315
苏州青豆软件有限公司,https://www.tianyancha.com/company/2350530146
厦门市协艺计算机开发公司,https://www.tianyancha.com/company/407774089
成都朗速科技有限公司,https://www.tianyancha.com/company/479517499
上海尊蓝信息技术有限公司,https://www.tianyancha.com/company/751405504
武汉群策联动软件有限公司,https://www.tianyancha.com/company/2315251338
杭州新中大科技股份有限公司,https://www.tianyancha.com/company/3160027998
广州宝时通信息科技有限公司,https://www.tianyancha.com/company/2331232866
浙江高格软件股份有限公司,https://www.tianyancha.com/company/2321417610
深圳市明源云科技有限公司,https://www.tianyancha.com/company/3329138415
大连佳庆软件有限公司,https://www.tianyancha.com/company/513450359
深圳市天分信息技术有限公司,https://www.tianyancha.com/company/2319312466
上海千胜信息科技有限公司,https://www.tianyancha.com/company/1218777957
上海聚水潭网络科技有限公司,https://www.tianyancha.com/company/684677933
佛山市中软软件有限公司,https://www.tianyancha.com/company/1541455800
佛山市开博维尔科技有限公司,https://www.tianyancha.com/company/567083414
杭州湖畔网络技术有限公司,https://www.tianyancha.com/company/2310309234
青岛九连环信息技术有限公司,https://www.tianyancha.com/company/159512329
广州市友迪资讯科技有限公司,https://www.tianyancha.com/company/27289458
上海胤元电子商务有限公司,https://www.tianyancha.com/company/620281598
北京杨扶柳信息科技有限公司,https://www.tianyancha.com/company/3376329393
无锡无边网络技术有限公司,https://www.tianyancha.com/company/2351575487
广西联道计算机有限责任公司,https://www.tianyancha.com/company/455383375
深圳市鑫北斗软件开发有限公司,https://www.tianyancha.com/company/2351672304
珠海普威科技有限公司,https://www.tianyancha.com/company/2317410258
苏州中尚信息科技有限公司,https://www.tianyancha.com/company/2342526895
深圳市点晴信息技术有限公司,https://www.tianyancha.com/company/2320355129
福建骏华信息科技有限公司,https://www.tianyancha.com/company/2347335743
成都建米软件开发有限公司,https://www.tianyancha.com/company/3466918455
浙江点阵印刷科技有限公司,https://www.tianyancha.com/company/31996010
南京来势科技有限公司,https://www.tianyancha.com/company/2339856687
北京云章科技有限公司,https://www.tianyancha.com/company/32736054
深圳市松柏科技发展有限公司,https://www.tianyancha.com/company/510122055
上海商派网络科技有限公司,https://www.tianyancha.com/company/397167182
上海企望信息科技有限公司,https://www.tianyancha.com/company/653386128
杭州圣乔科技有限公司,https://www.tianyancha.com/company/43391491
苏州慧管云科技有限公司,https://www.tianyancha.com/company/4037852492
厦门正航软件科技有限公司,https://www.tianyancha.com/company/400100526
北京益华鼎泰科技发展有限公司,https://www.tianyancha.com/company/6706922
中山市九阳软件有限公司,https://www.tianyancha.com/company/1572813770
深圳市科荣软件有限公司,https://www.tianyancha.com/company/2319805374
深圳市云立方网络有限公司,https://www.tianyancha.com/company/2323257552
北京工信信息技术有限公司,https://www.tianyancha.com/company/8750157
奥帕蒂玛软件(天津)有限公司,https://www.tianyancha.com/company/204458267
重庆小当家互联网信息技术有限公司,https://www.tianyancha.com/company/3031033756
北京中正鸿远科技有限公司,https://www.tianyancha.com/company/11200144
北京易软通科技有限公司,https://www.tianyancha.com/company/53596905
苏州工业园区恒泰科技有限公司,https://www.tianyancha.com/company/808304020
杭州软星科技有限公司,https://www.tianyancha.com/company/39749573
成都文双软件有限公司,https://www.tianyancha.com/company/486303533
广州华遨软件科技有限公司,https://www.tianyancha.com/company/3120263724
深圳市合越信息技术有限公司,https://www.tianyancha.com/company/2320748412
深圳开元软件有限公司,https://www.tianyancha.com/company/2318777353
上海博惠特企业信息服务有限公司,https://www.tianyancha.com/company/857467736
广州朗和信息科技有限公司,https://www.tianyancha.com/company/660368302
广州澜东科技有限公司,https://www.tianyancha.com/company/3150076964
杭州麦途网络信息技术有限公司,https://www.tianyancha.com/company/77090058
广州东信达计算机技术开发有限公司,https://www.tianyancha.com/company/784670996
上海观辰软件技术有限公司,https://www.tianyancha.com/company/751743799
山东运筹软件有限公司,https://www.tianyancha.com/company/160692180
启明信息技术股份有限公司,https://www.tianyancha.com/company/30779306
深圳市钜茂资讯有限公司,https://www.tianyancha.com/company/1329928070
江门市信华软件科技有限公司,https://www.tianyancha.com/company/2320138225
广州市超赢信息科技有限公司,https://www.tianyancha.com/company/2313820940
乐清市新思维计算机有限公司,https://www.tianyancha.com/company/1227985153
成都太航科技有限公司,https://www.tianyancha.com/company/1293241502
郑州伟盟软件应用技术有限公司,https://www.tianyancha.com/company/597154464
宁波聚轩信息科技有限公司,https://www.tianyancha.com/company/2318882976
义乌华睿软件有限公司,https://www.tianyancha.com/company/40048822
哈尔滨奇安科技发展有限公司,https://www.tianyancha.com/company/329523337
惠州市飞讯软件服务有限公司,https://www.tianyancha.com/company/2315089082
天心软件科技(珠海)有限公司,https://www.tianyancha.com/company/1589962057
北京普巴软件有限公司,https://www.tianyancha.com/company/2352551116
北京南北天地科技股份有限公司,https://www.tianyancha.com/company/16352999
广州市全周至程软件技术有限公司,https://www.tianyancha.com/company/3336419779
深圳市智音科技有限公司,https://www.tianyancha.com/company/2975999761
北京和佳软件技术有限公司,https://www.tianyancha.com/company/2407364
佛山快易软件信息技术有限公司,https://www.tianyancha.com/company/887316024
苏州工业园区赛维信息技术有限公司,https://www.tianyancha.com/company/2324876265
深圳市蓝灵通科技有限公司,https://www.tianyancha.com/company/2322080589
深圳市通易信科技开发有限公司,https://www.tianyancha.com/company/1207162783
深圳市文惠电脑系统有限公司,https://www.tianyancha.com/company/746683241
深圳市道讯科技开发有限公司,https://www.tianyancha.com/company/517978680
上海盛奇软件有限公司,https://www.tianyancha.com/company/510688417
成都西朗软件技术有限公司,https://www.tianyancha.com/company/423251123
东莞市永拓软件有限公司,https://www.tianyancha.com/company/2324178349
广州奔迈软件有限公司,https://www.tianyancha.com/company/2317452320
深圳蓝软技术开发有限公司,https://www.tianyancha.com/company/2872229122
北京寄云鼎城科技有限公司,https://www.tianyancha.com/company/28981922
北京宏讯软件技术有限公司,https://www.tianyancha.com/company/46473003
上海印智互联信息技术有限公司,https://www.tianyancha.com/company/3052092978
上海九凡信息科技有限公司,https://www.tianyancha.com/company/668497478
深圳市东信达软件有限公司,https://www.tianyancha.com/company/2542162719
沈阳易势科技有限公司,https://www.tianyancha.com/company/2328999817
广州市天剑计算机系统工程有限公司,https://www.tianyancha.com/company/1398879802
东莞模德软件科技有限公司,https://www.tianyancha.com/company/2314581300
嘉兴市中易软件有限公司,https://www.tianyancha.com/company/138280432
武汉天宝软件有限公司,https://www.tianyancha.com/company/1183825690
北京慧点科技股份有限公司,https://www.tianyancha.com/company/24480651
北京安易天地软件有限公司,https://www.tianyancha.com/company/23113547
深圳市傲鹏伟业软件科技有限公司,https://www.tianyancha.com/company/546387506
上海德米萨信息科技有限公司,https://www.tianyancha.com/company/568024551
青岛路达信息技术有限公司,https://www.tianyancha.com/company/1395152734
北京大有时代软件技术有限公司,https://www.tianyancha.com/company/2578482
深圳市普方软件有限公司,https://www.tianyancha.com/company/586942737
广东数夫软件有限公司,https://www.tianyancha.com/company/1286195409
高亚科技(广州)有限公司,https://www.tianyancha.com/company/1428061272
畅捷通信息技术股份有限公司,https://www.tianyancha.com/company/22187904
成都云积木软件有限公司,https://www.tianyancha.com/company/2379109538
广州丽晶软件科技股份有限公司,https://www.tianyancha.com/company/2325680177
和创(北京)科技股份有限公司,https://www.tianyancha.com/company/2310312442
成都上品软件有限公司,https://www.tianyancha.com/company/2316207626
重庆智诚精博科技有限公司,https://www.tianyancha.com/company/3270459515
成都任我行软件股份有限公司,https://www.tianyancha.com/company/216842921
上海怡海软件技术有限公司,https://www.tianyancha.com/company/1210235242
广州市易神软件科技有限公司,https://www.tianyancha.com/company/2320926676
上海泛微网络科技股份有限公司,https://www.tianyancha.com/company/865247583
苏州市普实软件有限公司,https://www.tianyancha.com/company/2320246346
深圳市翼发永续信息科技有限公司,https://www.tianyancha.com/company/2349922201
青岛百洋智能科技股份有限公司,https://www.tianyancha.com/company/2350650603
西安中服软件有限公司,https://www.tianyancha.com/company/1592737865
杭州晨科软件技术有限公司,https://www.tianyancha.com/company/1276270834
成都小步创想畅联科技有限公司,https://www.tianyancha.com/company/603990968
杭州展之信息技术有限公司,https://www.tianyancha.com/company/2991169032
东营金石软件有限公司,https://www.tianyancha.com/company/386598776
沈阳形胜科技有限公司,https://www.tianyancha.com/company/3123897659
上海灵当信息科技有限公司,https://www.tianyancha.com/company/2320452319
沈阳凯安信通科技有限公司,https://www.tianyancha.com/company/594074231
浙江丞易软件开发有限公司,https://www.tianyancha.com/company/2349704411
绵阳智赢信息技术有限公司,https://www.tianyancha.com/company/165579678
北京神州云动科技股份有限公司,https://www.tianyancha.com/company/24844750
北京企智软创科技有限公司,https://www.tianyancha.com/company/25114839
青岛乾启大数据科技有限公司,https://www.tianyancha.com/company/3187763191
济南鲲鹏软件有限公司,https://www.tianyancha.com/company/1116429580
金蝶软件(中国)有限公司,https://www.tianyancha.com/company/27522421
浪潮集团有限公司,https://www.tianyancha.com/company/6923813
鼎捷软件股份有限公司,https://www.tianyancha.com/company/7930073
广州金博信息技术有限公司,https://www.tianyancha.com/company/3056119384
北京仁科互动网络技术有限公司,https://www.tianyancha.com/company/24838818
南京掌控网络科技有限公司,https://www.tianyancha.com/company/2310285743
广州市罗斯泰克科技有限公司,https://www.tianyancha.com/company/2324195508
上海博科资讯股份有限公司,https://www.tianyancha.com/company/46669942
北京天地纵横软件有限公司,https://www.tianyancha.com/company/14395933
武汉宏途科技有限公司,https://www.tianyancha.com/company/1289568410
中科软科技股份有限公司,https://www.tianyancha.com/company/6726986
上海翔联网络技术有限公司,https://www.tianyancha.com/company/606417819
苏州青豆软件有限公司,https://www.tianyancha.com/company/2350530146
深圳市金酷奇网络科技有限公司,https://www.tianyancha.com/company/2338027435
武汉群策联动软件有限公司,https://www.tianyancha.com/company/2315251338
浙江高格软件股份有限公司,https://www.tianyancha.com/company/2321417610
厦门上古软件有限公司,https://www.tianyancha.com/company/413155163
成都零点信息技术有限公司,https://www.tianyancha.com/company/355249872
北京沃立森德软件技术有限公司,https://www.tianyancha.com/company/9931575
广州市玄武无线科技股份有限公司,https://www.tianyancha.com/company/621259956
深圳市东方传奇网络科技有限公司,https://www.tianyancha.com/company/2318132242
广州名易软件有限公司,https://www.tianyancha.com/company/2328785767
杭州湖畔网络技术有限公司,https://www.tianyancha.com/company/2310309234
深圳市华夏政邦科技有限公司,https://www.tianyancha.com/company/2323281581
北京杨扶柳信息科技有限公司,https://www.tianyancha.com/company/3376329393
深圳市电速科技有限公司,https://www.tianyancha.com/company/2539147191
天津华创恒达软件技术有限公司,https://www.tianyancha.com/company/252327439
上海胜必威软件有限公司,https://www.tianyancha.com/company/547291490
广州凯软信息科技有限公司,https://www.tianyancha.com/company/2329895013
苏州中尚信息科技有限公司,https://www.tianyancha.com/company/2342526895
上海康泰软件有限公司,https://www.tianyancha.com/company/722948808
厦门正航软件科技有限公司,https://www.tianyancha.com/company/400100526
北京易动纷享科技有限公司,https://www.tianyancha.com/company/7718650
上海瑞策软件有限公司,https://www.tianyancha.com/company/671779033
深圳市科荣软件有限公司,https://www.tianyancha.com/company/2319805374
北京百会纵横科技有限公司,https://www.tianyancha.com/company/24808526
苏州博云软件有限公司,https://www.tianyancha.com/company/678826052
深圳直线管理咨询有限公司,https://www.tianyancha.com/company/2338359048
郑州卡卡罗特软件科技有限公司,https://www.tianyancha.com/company/2310772955
宁波中之杰信息技术有限公司,https://www.tianyancha.com/company/2319565765
中亚网络技术开发有限公司,https://www.tianyancha.com/company/2332501432
烟台新睿网络科技有限公司,https://www.tianyancha.com/company/857683427
深圳市六度人和科技有限公司,https://www.tianyancha.com/company/510652569
杭州软星科技有限公司,https://www.tianyancha.com/company/39749573
成都文双软件有限公司,https://www.tianyancha.com/company/486303533
东莞市凝聚力软件开发服务有限公司,https://www.tianyancha.com/company/580259345
广州志华环讯软件科技有限公司,https://www.tianyancha.com/company/3363464163
深圳开元软件有限公司,https://www.tianyancha.com/company/2318777353
杭州剑齿虎信息技术有限公司,https://www.tianyancha.com/company/45922473
广州澜东科技有限公司,https://www.tianyancha.com/company/3150076964
上海观辰软件技术有限公司,https://www.tianyancha.com/company/751743799
山东运筹软件有限公司,https://www.tianyancha.com/company/160692180
武汉创益云信息技术有限公司,https://www.tianyancha.com/company/2312878506
启明信息技术股份有限公司,https://www.tianyancha.com/company/30779306
上海微问家信息技术有限公司,https://www.tianyancha.com/company/2310242672
深圳市蓝拓创远科技有限公司,https://www.tianyancha.com/company/2352010364
成都太航科技有限公司,https://www.tianyancha.com/company/1293241502
义乌华睿软件有限公司,https://www.tianyancha.com/company/40048822
杭州逍邦网络科技有限公司,https://www.tianyancha.com/company/2320611151
北京商能信息技术有限公司,https://www.tianyancha.com/company/7681891
成都升通达软件有限公司,https://www.tianyancha.com/company/849114284
宇新同创(北京)信息技术有限公司,https://www.tianyancha.com/company/112393862
北京凌飞科技有限责任公司,https://www.tianyancha.com/company/3098805
上海源天软件有限公司,https://www.tianyancha.com/company/755731305
北京普巴软件有限公司,https://www.tianyancha.com/company/2352551116
青岛金智电子科技有限公司,https://www.tianyancha.com/company/567606384
软融理念科技(北京)有限公司,https://www.tianyancha.com/company/2314238253
广州市全周至程软件技术有限公司,https://www.tianyancha.com/company/3336419779
深圳市智音科技有限公司,https://www.tianyancha.com/company/2975999761
都西朗软件技术有限公司,https://www.tianyancha.com/company/2350706285
西安安讯软件科技有限公司,https://www.tianyancha.com/company/848315579
西安荣峰软件科技有限公司,https://www.tianyancha.com/company/1529547335
成都助商科技有限公司,https://www.tianyancha.com/company/1643995383
沈阳易势科技有限公司,https://www.tianyancha.com/company/2328999817
深圳市迈盛达信息技术有限公司,https://www.tianyancha.com/company/2320502056
广州市天剑计算机系统工程有限公司,https://www.tianyancha.com/company/1398879802
东莞模德软件科技有限公司,https://www.tianyancha.com/company/2314581300
八百客(北京)信息技术有限公司,https://www.tianyancha.com/company/5117849
上海有谱网络科有限公司,https://www.tianyancha.com/company/2320608408
成都博奥纳科技有限公司,https://www.tianyancha.com/company/2344776794
北京桉云科技有限公司,https://www.tianyancha.com/company/24751802
指掌天下信息技术有限公司,https://www.tianyancha.com/company/4291552831
成都乐育信息技术有限公司,https://www.tianyancha.com/company/394070119
上海傲融软件技术有限公司,https://www.tianyancha.com/company/684277104
LEAN WORK,https://www.tianyancha.com/company/2590661208
上海德米萨信息科技有限公司,https://www.tianyancha.com/company/568024551
武汉奥汀软件有限责任公司,https://www.tianyancha.com/company/1177257020
山东山大华天软件有限公司,https://www.tianyancha.com/company/372402757
上海鼎格信息科技有限公司,https://www.tianyancha.com/company/1130605731
广东数夫软件有限公司,https://www.tianyancha.com/company/1286195409
北京谷器数据科技有限公司,https://www.tianyancha.com/company/3427415391
北京数码大方科技股份有限公司,https://www.tianyancha.com/company/1985358
深圳效率科技有限公司,https://www.tianyancha.com/company/2328630332
南京嘉益仕信息技术有限公司,https://www.tianyancha.com/company/2338553958
武汉开目信息技术股份有限公司,https://www.tianyancha.com/company/2357722727
重庆智诚精博科技有限公司,https://www.tianyancha.com/company/3270459515
成都众和昊天科技有限公司,https://www.tianyancha.com/company/489008066
广州商基网络科技有限公司,https://www.tianyancha.com/company/2329462115
南京学思信息技术有限责任公司,https://www.tianyancha.com/company/2332444161
大连豪森智源数据有限公司,https://www.tianyancha.com/company/2960646146
苏州市普实软件有限公司,https://www.tianyancha.com/company/2320246346
上海全星计算机科技有限公司,https://www.tianyancha.com/company/538133686
苏州通商软件科技有限公司,https://www.tianyancha.com/company/2351270023
北京兰光创新科技有限公司,https://www.tianyancha.com/company/8883126
合肥迈斯软件科技有限公司,https://www.tianyancha.com/company/2873230495
苏州普中智能科技有限公司,https://www.tianyancha.com/company/2342855508
广州市太友计算机科技有限公司,https://www.tianyancha.com/company/622911743
北京艾克斯特科技有限公司,https://www.tianyancha.com/company/3712151
杭州匠兴科技有限公司,https://www.tianyancha.com/company/3105171959
昆山绘微软件开发有限公司,https://www.tianyancha.com/company/2322914632
杭州吉利易云科技有限公司,https://www.tianyancha.com/company/1285854485
北京机械工业自动化研究所,https://www.tianyancha.com/company/3115569123
苏州迅驰智能科技有限公司,https://www.tianyancha.com/company/2435552654
库德莱兹物联科技(苏州)有限公司,https://www.tianyancha.com/company/3029891725
苏州同铄智能科技有限公司,https://www.tianyancha.com/company/3027975941
北京能科瑞元数字技术有限公司,https://www.tianyancha.com/company/129056133
武汉佰思杰科技有限公司,https://www.tianyancha.com/company/1255719839
广州赛意信息科技股份有限公司,https://www.tianyancha.com/company/2341073036
安尼梅森(北京)数码科技有限公司,https://www.tianyancha.com/company/17921794
苏州迈艾木软件科技有限公司,https://www.tianyancha.com/company/3358652844
广州今朝科技有限公司,https://www.tianyancha.com/company/24611470
数加云联(杭州)科技有限公司,https://www.tianyancha.com/company/3423671975
沈阳凯安信通科技有限公司,https://www.tianyancha.com/company/594074231
南京德特信息技术有限公司,https://www.tianyancha.com/company/2388752959
深圳市天心天思软件有限公司,https://www.tianyancha.com/company/2335567675
北京华铁海兴科技有限公司,https://www.tianyancha.com/company/8618703
广州阳普智能系统科技有限公司,https://www.tianyancha.com/company/3026406407
济南鲲鹏软件有限公司,https://www.tianyancha.com/company/1116429580
天河智造(北京)科技股份有限公司,https://www.tianyancha.com/company/2310289610
金蝶软件(中国)有限公司,https://www.tianyancha.com/company/27522421
浪潮集团有限公司,https://www.tianyancha.com/company/6923813
鼎捷软件股份有限公司,https://www.tianyancha.com/company/7930073
北京元工国际科技股份有限公司,https://www.tianyancha.com/company/32909827
北京神舟航天软件技术股份有限公司,https://www.tianyancha.com/company/972774
广东美云智数科技有限公司,https://www.tianyancha.com/company/3219711702
北京乾元坤和科技有限公司,https://www.tianyancha.com/company/24626328
上海七通智能科技股份有限公司,https://www.tianyancha.com/company/3227809154
大连华铁海兴科技有限公司,https://www.tianyancha.com/company/331487166
重庆巴陆科技有限公司,https://www.tianyancha.com/company/381007753
上海哥瑞利软件股份有限公司,https://www.tianyancha.com/company/674438614
深圳市深科特信息技术有限公司,https://www.tianyancha.com/company/2320562227
苏州青豆软件有限公司,https://www.tianyancha.com/company/2350530146
广东中渊科技有限公司,https://www.tianyancha.com/company/2319881465
匠典(上海)智能技术有限公司,https://www.tianyancha.com/company/2357916083
上海西信信息科技股份有限公司,https://www.tianyancha.com/company/3073991872
北京众驰自动化设备有限公司,https://www.tianyancha.com/company/2350683721
摩尔元数(福建)科技有限公司,https://www.tianyancha.com/company/4522190107
上海汇环信息科技有限公司,https://www.tianyancha.com/company/496024177
依柯力信息科技(上海)股份有限公司,https://www.tianyancha.com/company/4148622503
广州速威软件科技有限公司,https://www.tianyancha.com/company/2355391311
中智浩云科技有限公司,https://www.tianyancha.com/company/1417463807
苏州慧管云科技有限公司,https://www.tianyancha.com/company/4037852492
厦门正航软件科技有限公司,https://www.tianyancha.com/company/400100526
上海汉得信息技术股份有限公司,https://www.tianyancha.com/company/266155492
广州中浩控制技术有限公司,https://www.tianyancha.com/company/399286740
格创东智科技有限公司,https://www.tianyancha.com/company/3229223896
宁波中之杰信息技术有限公司,https://www.tianyancha.com/company/2319565765
东莞邦越条码科技有限公司,https://www.tianyancha.com/company/385549417
奇秦科技(北京)股份有限公司,https://www.tianyancha.com/company/3370969036
徐工汉云技术股份有限公司,https://www.tianyancha.com/company/2350011965
杭州软星科技有限公司,https://www.tianyancha.com/company/39749573
上海博惠特企业信息服务有限公司,https://www.tianyancha.com/company/857467736
赛摩电气股份有限公司,https://www.tianyancha.com/company/3431355135
广州澜东科技有限公司,https://www.tianyancha.com/company/3150076964
瑞熙(福建)信息科技有限公司,https://www.tianyancha.com/company/3187819508
江苏欧软信息科技有限公司,https://www.tianyancha.com/company/3036445458
启明信息技术股份有限公司,https://www.tianyancha.com/company/30779306
上海宝信软件股份有限公司,https://www.tianyancha.com/company/27624827
北京日星宇软件有限公司,https://www.tianyancha.com/company/489458
宁波聚轩信息科技有限公司,https://www.tianyancha.com/company/2318882976
艾普工华科技(武汉)有限公司,https://www.tianyancha.com/company/2339425748
常州市博凌信息技术有限公司,https://www.tianyancha.com/company/2358115798
上海东尚信息科技股份有限公司,https://www.tianyancha.com/company/466543060
厦门海普锐科技股份有限公司,https://www.tianyancha.com/company/2344104493
烟台国工智能科技有限公司,https://www.tianyancha.com/company/3165813366
北京中科凯思科技有限公司,https://www.tianyancha.com/company/22833796
深圳市华磊迅拓科技有限公司,https://www.tianyancha.com/company/2320051628
北京亚控科技发展有限公司,https://www.tianyancha.com/company/19081611
浙江中控技术股份有限公司,https://www.tianyancha.com/company/66195346
北京普巴软件有限公司,https://www.tianyancha.com/company/2352551116
苏州工业园区赛维信息技术有限公司,https://www.tianyancha.com/company/2324876265
北京精诚智博科技有限公司,https://www.tianyancha.com/company/2126127
上海纽酷信息科技有限公司,https://www.tianyancha.com/company/2347284238
宁波同辉信息科技有限公司,https://www.tianyancha.com/company/2862015030
上海因致信息科技有限公司,https://www.tianyancha.com/company/1322467163
北京宏博远达科技有限公司,https://www.tianyancha.com/company/11006508
青岛中科华智信息科技有限公司,https://www.tianyancha.com/company/2357813385
北京寄云鼎城科技有限公司,https://www.tianyancha.com/company/28981922
广州中和互联网技术有限公司,https://www.tianyancha.com/company/3156982191
江苏海宝智造科技股份有限公司,https://www.tianyancha.com/company/3288108396
文思海辉元辉科技(无锡)有限公司,https://www.tianyancha.com/company/3352676787
上海柏楚电子科技股份有限公司,https://www.tianyancha.com/company/3215353157
上海智引信息科技有限公司,https://www.tianyancha.com/company/2321477491
杭州昊方控制设备有限公司,https://www.tianyancha.com/company/69530900
苏州微缔软件股份有限公司,https://www.tianyancha.com/company/2316395159
北京富达天翼软件技术服务有限公司,https://www.tianyancha.com/company/19001851
深圳市傲鹏伟业软件科技有限公司,https://www.tianyancha.com/company/546387506
广东数夫软件有限公司,https://www.tianyancha.com/company/1286195409
高亚科技(广州)有限公司,https://www.tianyancha.com/company/1428061272
南京嘉益仕信息技术有限公司,https://www.tianyancha.com/company/2338553958
苏州方正璞华信息技术有限公司,https://www.tianyancha.com/company/28740175
广州市数商云网络科技有限公司,https://www.tianyancha.com/company/3112734606
杭州吉利易云科技有限公司,https://www.tianyancha.com/company/1285854485
上海百胜软件股份有限公司,https://www.tianyancha.com/company/1250891268
北京能科瑞元数字技术有限公司,https://www.tianyancha.com/company/129056133
数加云联(杭州)科技有限公司,https://www.tianyancha.com/company/3423671975
深圳市天心天思软件有限公司,https://www.tianyancha.com/company/2335567675
北京元工国际科技股份有限公司,https://www.tianyancha.com/company/32909827
广州市罗斯泰克科技有限公司,https://www.tianyancha.com/company/2324195508
北京乾元坤和科技有限公司,https://www.tianyancha.com/company/24626328
北京富基标商流通信息科技有限公司,https://www.tianyancha.com/company/21357604
苏州青豆软件有限公司,https://www.tianyancha.com/company/2350530146
上海科箭软件科技有限公司,https://www.tianyancha.com/company/851904861
东莞邦越条码科技有限公司,https://www.tianyancha.com/company/385549417
奇秦科技(北京)股份有限公司,https://www.tianyancha.com/company/3370969036
杭州软星科技有限公司,https://www.tianyancha.com/company/39749573
广州丰捷信息科技有限公司,https://www.tianyancha.com/company/3403892551
上海博惠特企业信息服务有限公司,https://www.tianyancha.com/company/857467736
广州澜东科技有限公司,https://www.tianyancha.com/company/3150076964
启明信息技术股份有限公司,https://www.tianyancha.com/company/30779306
上海海钛软件科技有限公司,https://www.tianyancha.com/company/656770833
厦门锐特信息技术有限公司,https://www.tianyancha.com/company/732491647
北京普巴软件有限公司,https://www.tianyancha.com/company/2352551116
北京东方飞扬软件股份有限公司,https://www.tianyancha.com/company/23829918
广州市溢信科技股份有限公司,https://www.tianyancha.com/company/2400914782
北京互融时代软件有限公司,https://www.tianyancha.com/company/34625823
贯文信息技术(苏州)有限公司,https://www.tianyancha.com/company/5099034558
上海鸿翼软件技术股份有限公司,https://www.tianyancha.com/company/140855705
上海益吉科技有限公司,https://www.tianyancha.com/company/639043442
精英数智科技股份有限公司,https://www.tianyancha.com/company/3288614916
广州鼎甲计算机科技有限公司,https://www.tianyancha.com/company/184895373
北京京师心港软件科技有限公司,https://www.tianyancha.com/company/6367696
安徽聚享网络科技有限公司,https://www.tianyancha.com/company/3333416819
北京彼速信息技术有限公司,https://www.tianyancha.com/company/9223303
北京奥泰瑞格科技有限公司,https://www.tianyancha.com/company/2976287
广州市友迪资讯科技有限公司,https://www.tianyancha.com/company/27289458
江苏权客信息科技有限公司,https://www.tianyancha.com/company/3146739865
上海汉之光华知识产权服务有限公司,https://www.tianyancha.com/company/3069264142
苏州工业园区百纳谱信息科技有限公司,https://www.tianyancha.com/company/2323221804
成都比比猴信息技术有限公司,https://www.tianyancha.com/company/3136273689
成都升通达软件有限公司,https://www.tianyancha.com/company/849114284
北京摩知轮科技有限公司,https://www.tianyancha.com/company/3277897824
每氪控股有限公司,https://www.tianyancha.com/company/4397940552
湖南知名未来科技有限公司,https://www.tianyancha.com/company/3415310574
高亚科技(广州)有限公司,https://www.tianyancha.com/company/1428061272
广州市易神软件科技有限公司,https://www.tianyancha.com/company/2320926676
上海泛微网络科技股份有限公司,https://www.tianyancha.com/company/865247583
苏州市普实软件有限公司,https://www.tianyancha.com/company/2320246346
北京科迪通信息技术有限公司,https://www.tianyancha.com/company/33469479
济南鲲鹏软件有限公司,https://www.tianyancha.com/company/1116429580
北京今目标信息技术有限公司,https://www.tianyancha.com/company/632288305
金蝶软件(中国)有限公司,https://www.tianyancha.com/company/27522421
北京通达信科科技有限公司,https://www.tianyancha.com/company/24577142
珠海天思软件技术有限公司,https://www.tianyancha.com/company/2315810412
浙江高格软件股份有限公司,https://www.tianyancha.com/company/2321417610
深圳市鑫北斗软件开发有限公司,https://www.tianyancha.com/company/2351672304
深圳市点晴信息技术有限公司,https://www.tianyancha.com/company/2320355129
深圳市科荣软件有限公司,https://www.tianyancha.com/company/2319805374
成都文双软件有限公司,https://www.tianyancha.com/company/486303533
深圳开元软件有限公司,https://www.tianyancha.com/company/2318777353
上海观辰软件技术有限公司,https://www.tianyancha.com/company/751743799
山东运筹软件有限公司,https://www.tianyancha.com/company/160692180
宁波聚轩信息科技有限公司,https://www.tianyancha.com/company/2318882976
北京普巴软件有限公司,https://www.tianyancha.com/company/2352551116
广州市全周至程软件技术有限公司,https://www.tianyancha.com/company/3336419779
深圳市文惠电脑系统有限公司,https://www.tianyancha.com/company/746683241
成都西朗软件技术有限公司,https://www.tianyancha.com/company/423251123
东莞市永拓软件有限公司,https://www.tianyancha.com/company/2324178349
深圳市鑫星空软件有限公司,https://www.tianyancha.com/company/578542209
沈阳易势科技有限公司,https://www.tianyancha.com/company/2328999817
广州市天剑计算机系统工程有限公司,https://www.tianyancha.com/company/1398879802
北京致远协创软件有限公司,https://www.tianyancha.com/company/2409179444
北京金和网络股份有限公司,https://www.tianyancha.com/company/202830279
北京慧点科技股份有限公司,https://www.tianyancha.com/company/24480651
上海云质信息科技有限公司,https://www.tianyancha.com/company/2353993303
大连豪森智源数据有限公司,https://www.tianyancha.com/company/2960646146
南京国睿信维软件有限公司,https://www.tianyancha.com/company/2309648078
广州赛意信息科技股份有限公司,https://www.tianyancha.com/company/2341073036
安尼梅森(北京)数码科技有限公司,https://www.tianyancha.com/company/17921794
上海益吉科技有限公司,https://www.tianyancha.com/company/639043442
深圳市品冠科技有限公司,https://www.tianyancha.com/company/1603285432
北京乾元坤和科技有限公司,https://www.tianyancha.com/company/24626328
上海西信信息科技股份有限公司,https://www.tianyancha.com/company/3073991872
摩尔元数(福建)科技有限公司,https://www.tianyancha.com/company/3093991197
东莞邦越条码科技有限公司,https://www.tianyancha.com/company/385549417
武汉库得克软件有限公司,https://www.tianyancha.com/company/3300189
上海宝驰信医药科技股份有限公司,https://www.tianyancha.com/company/2413222986
深圳市三泰信息科技有限公司,https://www.tianyancha.com/company/3044210358
江苏海岸线互联网科技有限公司,https://www.tianyancha.com/company/2944460437
国可工软(苏州)科技有限公司,https://www.tianyancha.com/company/3446392682
北京运通恒昌科技集团有限公司,https://www.tianyancha.com/company/3349488932
西安非马航特软件科技有限公司,https://www.tianyancha.com/company/4323016250
上海益吉科技有限公司,https://www.tianyancha.com/company/639043442
聪脉(上海)信息技术有限公司,https://www.tianyancha.com/company/2324115972
弓创信息科技(成都)有限公司,https://www.tianyancha.com/company/3167943858
武汉库得克软件有限公司,https://www.tianyancha.com/company/3300189
昆山明软科技软件有限公司,https://www.tianyancha.com/company/2320583371
中国赛宝实验室,https://www.tianyancha.com/company/1137931099
上海御云信息科技有限公司,https://www.tianyancha.com/company/2333394059
珠海奥威软件科技有限公司,https://www.tianyancha.com/company/2314253532
广州丽晶软件科技股份有限公司,https://www.tianyancha.com/company/2325680177
广州市易神软件科技有限公司,https://www.tianyancha.com/company/2320926676
北京亿信华辰软件有限责任公司,https://www.tianyancha.com/company/21440659
鼎捷软件股份有限公司,https://www.tianyancha.com/company/7930073
上海七通智能科技股份有限公司,https://www.tianyancha.com/company/3227809154
上海博科资讯股份有限公司,https://www.tianyancha.com/company/46669942
北京永洪商智科技有限公司,https://www.tianyancha.com/company/25364316
厦门正航软件科技有限公司,https://www.tianyancha.com/company/400100526
南京帆软软件有限公司,https://www.tianyancha.com/company/2325101685
广西西谷信息技术有限公司,https://www.tianyancha.com/company/1643982848
北京元年科技股份有限公司,https://www.tianyancha.com/company/21408547
启明信息技术股份有限公司,https://www.tianyancha.com/company/30779306
天心软件科技(珠海)有限公司,https://www.tianyancha.com/company/2325365119
苏州国云数据科技有限公司,https://www.tianyancha.com/company/1129642433
东莞市永拓软件有限公司,https://www.tianyancha.com/company/2324178349
上海亦策软件科技有限公司,https://www.tianyancha.com/company/2340050292
深圳市三泰信息科技有限公司,https://www.tianyancha.com/company/3044210358
广州思迈特软件有限公司,https://www.tianyancha.com/company/2321926606
山东山大华天软件有限公司,https://www.tianyancha.com/company/372402757
广东数夫软件有限公司,https://www.tianyancha.com/company/1286195409
南京嘉益仕信息技术有限公司,https://www.tianyancha.com/company/2338553958
广州商基网络科技有限公司,https://www.tianyancha.com/company/2329462115
广州市易神软件科技有限公司,https://www.tianyancha.com/company/2320926676
大连豪森智源数据有限公司,https://www.tianyancha.com/company/2960646146
合肥迈斯软件科技有限公司,https://www.tianyancha.com/company/2873230495
北京欧尚聚创科技有限公司,https://www.tianyancha.com/company/41900040
昆山绘微软件开发有限公司,https://www.tianyancha.com/company/2322914632
上海百胜软件股份有限公司,https://www.tianyancha.com/company/1250891268
深圳市天心天思软件有限公司,https://www.tianyancha.com/company/2335567675
上海海典软件股份有限公司,https://www.tianyancha.com/company/824221066
用友网络科技股份有限公司,https://www.tianyancha.com/company/26037681
上海七通智能科技股份有限公司,https://www.tianyancha.com/company/3227809154
青岛雨诺网络信息股份有限公司,https://www.tianyancha.com/company/2331480202
广州以大计算机科技有限公司,https://www.tianyancha.com/company/1330347005
广东中渊科技有限公司,https://www.tianyancha.com/company/2319881465
摩尔元数(福建)科技有限公司,https://www.tianyancha.com/company/4522190107
广州智森信息科技有限公司,https://www.tianyancha.com/company/2351677936
上海汉得信息技术股份有限公司,https://www.tianyancha.com/company/266155492
昆山华东信息科技有限公司,https://www.tianyancha.com/company/155464126
格创东智科技有限公司,https://www.tianyancha.com/company/3229223896
厦门荆艺软件有限公司,https://www.tianyancha.com/company/396407622
奇秦科技(北京)股份有限公司,https://www.tianyancha.com/company/3370969036
北京易软通科技有限公司,https://www.tianyancha.com/company/53596905
广东安达发科技有限公司,https://www.tianyancha.com/company/579407269
广州力禾信息技术有限公司,https://www.tianyancha.com/company/2320721617
广州志华环讯软件科技有限公司,https://www.tianyancha.com/company/3363464163
上海博惠特企业信息服务有限公司,https://www.tianyancha.com/company/857467736
瑞熙(福建)信息科技有限公司,https://www.tianyancha.com/company/3163210075
上海海钛软件科技有限公司,https://www.tianyancha.com/company/656770833
深圳市巨沃科技有限公司,https://www.tianyancha.com/company/3029847137
青岛中科华智信息科技有限公司,https://www.tianyancha.com/company/2357813385
上海启明软件股份有限公司,https://www.tianyancha.com/company/381918978
杭州昊方控制设备有限公司,https://www.tianyancha.com/company/69530900
广州标领信息科技有限公司,https://www.tianyancha.com/company/2358366725
成都青软青之软件有限公司,https://www.tianyancha.com/company/2953944208
北京天健通泰科技有限公司,https://www.tianyancha.com/company/28108479
成都松虎科技有限公司,https://www.tianyancha.com/company/3028695503
西安鸿仁汇智软件有限公司,https://www.tianyancha.com/company/3313227373
东莞谱标软件开发有限公司,https://www.tianyancha.com/company/2959372417
广州华喜信息科技有限公司,https://www.tianyancha.com/company/1557305054
广东美云智数科技有限公司,https://www.tianyancha.com/company/3219711702
杭州天软科技有限公司,https://www.tianyancha.com/company/850187567
北京百奥利盟软件技术有限公司,https://www.tianyancha.com/company/34456104
上海拓东软件有限公司,https://www.tianyancha.com/company/555128220
上海赛印信息技术股份有限公司,https://www.tianyancha.com/company/2944212840
烟台国工智能科技有限公司,https://www.tianyancha.com/company/3165813366
北京华创中实科技发展有限公司,https://www.tianyancha.com/company/7391173
北京创腾科技有限公司,https://www.tianyancha.com/company/10842596
上海咚安智能科技有限公司,https://www.tianyancha.com/company/3272951509
北京跨世纪软件技术有限公司,https://www.tianyancha.com/company/33333656
广州中望龙腾软件股份有限公司,https://www.tianyancha.com/company/1749577393
苏州浩辰软件股份有限公司,https://www.tianyancha.com/company/652900086
广州君和信息技术有限公司,https://www.tianyancha.com/company/1317322965
鲁班软件股份有限公司,https://www.tianyancha.com/company/2358734667
深圳市斯维尔科技股份有限公司,https://www.tianyancha.com/company/1137643083
大连豪森软件有限公司,https://www.tianyancha.com/company/472609213
北京构力科技有限公司,https://www.tianyancha.com/company/3029951670
广州易达建信科技开发有限公司,https://www.tianyancha.com/company/1583293942
垒知科技集团(北京)有限公司,https://www.tianyancha.com/company/4290772271
广联达科技股份有限公司,https://www.tianyancha.com/company/2357759277
杭州飞时达软件有限公司,https://www.tianyancha.com/company/1327238654
北京理正软件股份有限公司,https://www.tianyancha.com/company/7499460
洛阳鸿业信息科技股份有限公,https://www.tianyancha.com/company/3445729778
毕埃慕(上海)建筑数据技术股份有限公司,https://www.tianyancha.com/company/2323210257
上海派品软件有限公司,https://www.tianyancha.com/company/674978641
天津市兆龙软件开发有限公司,https://www.tianyancha.com/company/291410622
上海易工工程技术服务有限公司,https://www.tianyancha.com/company/1112274431
四川省宏业建设软件有限责任公司,https://www.tianyancha.com/company/992384040
北京市天际环宇信息技术有限公司,https://www.tianyancha.com/company/11962697
上海红瓦信息科技有限公司,https://www.tianyancha.com/company/2326240754
湖北易投软件科技有限公司,https://www.tianyancha.com/company/3205796123
北京恒华伟业科技股份有限公司,https://www.tianyancha.com/company/15268876
上海神机软件有限公司,https://www.tianyancha.com/company/788534905
江苏狄诺尼信息技术有限公司,https://www.tianyancha.com/company/3149096375
湖南智多星软件有限公司,https://www.tianyancha.com/company/3073271687
建研科技股份有限公司,https://www.tianyancha.com/company/9823537
北京天正软件股份有限公司,https://www.tianyancha.com/company/24515702
国泰新点软件股份有限公司,https://www.tianyancha.com/company/3414424074
垒知科技集团有限公司,https://www.tianyancha.com/company/3295441378
杭州品茗安控信息技术股份有限公司,https://www.tianyancha.com/company/2350075711
北京盈建科软件股份有限公司,https://www.tianyancha.com/company/25058634
襄阳亿通软件有限公司,https://www.tianyancha.com/company/570013579
广州南方测绘科技股份有限公司,https://www.tianyancha.com/company/2358896769
北京超图软件股份有限公司,https://www.tianyancha.com/company/24679001
广东天亿马信息产业股份有限公司,https://www.tianyancha.com/company/882094894
北京三维天地科技股份有限公司,https://www.tianyancha.com/company/3373241393
北京山维科技股份有限公司,https://www.tianyancha.com/company/2314176625
深圳市图元科技有限公司,https://www.tianyancha.com/company/1258178715
北京市灵图软件技术有限公司,https://www.tianyancha.com/company/17642436
北京四维益友信息技术有限公司,https://www.tianyancha.com/company/18013995
重庆环图信息技术有限公司,https://www.tianyancha.com/company/283705596
中科星图股份有限公司,https://www.tianyancha.com/company/3274457234
北京四维远见信息技术有限公司,https://www.tianyancha.com/company/12211864
北京恒华伟业科技股份有限公司,https://www.tianyancha.com/company/15268876
苍穹数码技术股份有限公司,https://www.tianyancha.com/company/2348970246
北京龙软科技股份有限公司,https://www.tianyancha.com/company/25155187
北京易伟航科技有限公司,https://www.tianyancha.com/company/36201100
西安博通资讯股份有限公司,https://www.tianyancha.com/company/864447026
北京四维图新科技股份有限公司,https://www.tianyancha.com/company/5591349
启明信息技术股份有限公司,https://www.tianyancha.com/company/30779306
广州市中海达测绘仪器有限公司,https://www.tianyancha.com/company/33973254
武汉中地数码科技有限公司,https://www.tianyancha.com/company/6713336
北京威远图易数字科技有限公司,https://www.tianyancha.com/company/29870498
丹东东方测控技术股份有限公司,https://www.tianyancha.com/company/35414428
青岛正日软件有限公司,https://www.tianyancha.com/company/1630782981
深圳分达网络科技有限公司,https://www.tianyancha.com/company/2959480958
北京童虎科技有限公司,https://www.tianyancha.com/company/10410767
深圳市卓帆科技有限公司,https://www.tianyancha.com/company/2320347687
东软集团股份有限公司,https://www.tianyancha.com/company/3277271
深圳小鹅网络技术有限公司,https://www.tianyancha.com/company/2313819413
校宝在线(杭州)科技股份有限公司,https://www.tianyancha.com/company/2353614697
北京万维捷通软件技术有限公司,https://www.tianyancha.com/company/7419758
四川才子软件信息网络有限公司,https://www.tianyancha.com/company/2328622048
北京奥泰瑞格科技有限公司,https://www.tianyancha.com/company/2976287
武汉联合创想科技有限公司,https://www.tianyancha.com/company/3023563345
深圳齐心好视通云计算有限公司,https://www.tianyancha.com/company/3443775387
北京法意科技有限公司,https://www.tianyancha.com/company/24538501
北京网梯科技发展有限公司,https://www.tianyancha.com/company/6092117
山东山大鸥玛软件股份有限公司,https://www.tianyancha.com/company/2358641664
桂林市中恒软件科技有限公司,https://www.tianyancha.com/company/544922371
江苏省捷达科技发展有限公司,https://www.tianyancha.com/company/2320382108
赛云九洲科技股份有限公司,https://www.tianyancha.com/company/539600666
北京修齐治平科技有限公司,https://www.tianyancha.com/company/32819584
长沙众诚泰合信息科技有限公司,https://www.tianyancha.com/company/3149785160
上海师悦信息科技有限公司,https://www.tianyancha.com/company/368722644
北京博赛时代网络科技有限公司,https://www.tianyancha.com/company/3071809983
四川辛巴远扬科技有限公司,https://www.tianyancha.com/company/192879020
深圳市博优思创科技发展有限公司,https://www.tianyancha.com/company/1611061095
厦门简单点么科技有限公司,https://www.tianyancha.com/company/3048610996
上海海典软件股份有限公司,https://www.tianyancha.com/company/824221066
浪潮集团有限公司,https://www.tianyancha.com/company/6923813
广州金博信息技术有限公司,https://www.tianyancha.com/company/3056119384
东软集团股份有限公司,https://www.tianyancha.com/company/3277271
北京英克康健科技有限公司,https://www.tianyancha.com/company/2314550393
重庆能嘉科技有限公司,https://www.tianyancha.com/company/179251019
四川久远银海软件股份有限公司,https://www.tianyancha.com/company/27527024
北京嘉和美康信息技术有限公司,https://www.tianyancha.com/company/24559417
厦门纳龙科技有限公司,https://www.tianyancha.com/company/428480654
广州以大计算机科技有限公司,https://www.tianyancha.com/company/1330347005
深圳市海德泰格软件技术有限公司,https://www.tianyancha.com/company/556842143
江苏正融科技有限公司,https://www.tianyancha.com/company/814121240
速拓必腾软件科技有限公司,https://www.tianyancha.com/company/3169379965
苏州同思软件有限公司,https://www.tianyancha.com/company/2321399902
思创医惠科技股份有限公司,https://www.tianyancha.com/company/864201853
中标慧康科技有限公司,https://www.tianyancha.com/company/3112553545
上海鸿迪信息技术有限公司,https://www.tianyancha.com/company/233010575
成都天力卓越软件股份有限公司,https://www.tianyancha.com/company/1643126341
易联众信息技术股份有限公司,https://www.tianyancha.com/company/28031700
北京金石堂科技有限公司,https://www.tianyancha.com/company/28258257
重庆远秋科技股份有限公司,https://www.tianyancha.com/company/208824745
江苏科佳软件开发有限公司,https://www.tianyancha.com/company/2353310767
苏州麦迪斯顿医疗科技股份有限公司,https://www.tianyancha.com/company/17008459
哈尔滨奥林软件开发有限公司,https://www.tianyancha.com/company/423353188
江苏省捷达科技发展有限公司,https://www.tianyancha.com/company/2320382108
成都成电医星数字健康软件有限公司,https://www.tianyancha.com/company/292549834
邢台新海科技开发有限公司,https://www.tianyancha.com/company/789269757
创业慧康科技股份有限公司,https://www.tianyancha.com/company/3294604311
广州市行心信息科技有限公司,https://www.tianyancha.com/company/1463248181
成都任我行软件股份有限公司,https://www.tianyancha.com/company/216842921
广州市易神软件科技有限公司,https://www.tianyancha.com/company/2320926676
深圳市智百威科技发展有限公司,https://www.tianyancha.com/company/2321507840
苏州智盟齐扬网络有限公司,https://www.tianyancha.com/company/2316825343
深圳市思迅网络科技有限公司,https://www.tianyancha.com/company/2354306342
中山市前卫软件科技有限公司,https://www.tianyancha.com/company/426302612
嘉兴市谷泰信息技术有限公司,https://www.tianyancha.com/company/37635932
上海百胜软件股份有限公司,https://www.tianyancha.com/company/1250891268
数加云联(杭州)科技有限公司,https://www.tianyancha.com/company/3423671975
万达宝软件(深圳)有限公司,https://www.tianyancha.com/company/2349070804
广州市罗斯泰克科技有限公司,https://www.tianyancha.com/company/2324195508
广州讯尔软件科技有限公司,https://www.tianyancha.com/company/1288319776
厦门市协艺计算机开发公司,https://www.tianyancha.com/company/407774089
广州河东软件科技有限公司,https://www.tianyancha.com/company/2320277814
青岛方象软件科技有限公司,https://www.tianyancha.com/company/2314509515
深圳市华夏政邦科技有限公司,https://www.tianyancha.com/company/2323281581
深圳市盈瑞恒科技有限公司,https://www.tianyancha.com/company/1313398624
无锡东信软件有限公司,https://www.tianyancha.com/company/2357866781
广州华遨软件科技有限公司,https://www.tianyancha.com/company/3120263724
广州丰捷信息科技有限公司,https://www.tianyancha.com/company/3403892551
广州市超易信息科技有限公司,https://www.tianyancha.com/company/2350369876
成都天力卓越软件股份有限公司,https://www.tianyancha.com/company/1643126341
成都升通达软件有限公司,https://www.tianyancha.com/company/849114284
青岛润丰源信息技术有限公司,https://www.tianyancha.com/company/1342799014
广州市紫日计算机科技有限公司,https://www.tianyancha.com/company/2320536082
深圳市蓝灵通科技有限公司,https://www.tianyancha.com/company/2322080589
上海盛迭信息科技有限公司,https://www.tianyancha.com/company/2353687671
深圳市亿海科技发展有限公司,https://www.tianyancha.com/company/1659745139
宁波江东雅星软件科技有限公司,https://www.tianyancha.com/company/3397169669
苏州欧度软件有限公司,https://www.tianyancha.com/company/3048115985
苏州工业园区思毅软件有限公司,https://www.tianyancha.com/company/2316401082
深圳市科脉技术股份有限公司,https://www.tianyancha.com/company/2320500168
深圳市格乐特科技有限公司,https://www.tianyancha.com/company/1545465340
四川辛巴远扬科技有限公司,https://www.tianyancha.com/company/192879020
北京住哲信息技术有限公司,https://www.tianyancha.com/company/14343805
杭州绿云科技有限公司,https://www.tianyancha.com/company/2332011377
深圳市博优思创科技发展有限公司,https://www.tianyancha.com/company/1611061095
深圳市智百威科技发展有限公司,https://www.tianyancha.com/company/2321507840
深圳市思迅网络科技有限公司,https://www.tianyancha.com/company/2354306342
长沙金天鹅软件科技有限公司,https://www.tianyancha.com/company/3330793055
北京食苑科胜科技有限公司,https://www.tianyancha.com/company/115585899
上海别样红信息技术有限公司,https://www.tianyancha.com/company/1205945155
北京金贵创新科技开发有限公司,https://www.tianyancha.com/company/3408662
北京石基昆仑软件有限公司,https://www.tianyancha.com/company/30541067
北京泰能软件有限公司,https://www.tianyancha.com/company/22978329
北京万维罗盘信息技术有限公司,https://www.tianyancha.com/company/5393151
时时同城科技(成都)有限公司,https://www.tianyancha.com/company/3421757940
北京众荟信息技术股份有限公司,https://www.tianyancha.com/company/1330432295
山东好食好客信息科技股份有限公司,https://www.tianyancha.com/company/2944425790
深圳卓普天科技有限公司,https://www.tianyancha.com/company/2326980807
成都英冠科技有限公司,https://www.tianyancha.com/company/167649067
江苏卓越计算机系统有限公司,https://www.tianyancha.com/company/2318531920
广州市二月泉计算机科技有限公司,https://www.tianyancha.com/company/2792609899
深圳市飞耶软件有限公司,https://www.tianyancha.com/company/2324998118
杭州全都来了网络科技有限公司,https://www.tianyancha.com/company/3331417183
广州一点科技有限公司,https://www.tianyancha.com/company/3074307084
上海品米信息科技有限公司,https://www.tianyancha.com/company/2319869909
上海春卫信息技术有限公司,https://www.tianyancha.com/company/3042392990
杭州迪联科技有限公司,https://www.tianyancha.com/company/39195456
北京航信华仪软件技术有限公司,https://www.tianyancha.com/company/36907105
红河华云信息技术有限公司,https://www.tianyancha.com/company/3099854333
中顶软件科技有限公司,https://www.tianyancha.com/company/146332378
大连华盛科技有限公司,https://www.tianyancha.com/company/593758141
北京中软好泰科技有限责任公司,https://www.tianyancha.com/company/3218486500
北京米天下科技有限公司,https://www.tianyancha.com/company/2352942473
广州食为天信息技术有限公司,https://www.tianyancha.com/company/2324624128
南京卓越佳境软件系统有限公司,https://www.tianyancha.com/company/2328222394
长沙思软信息科技有限公司,https://www.tianyancha.com/company/368187315
西安鸿仁汇智软件有限公司,https://www.tianyancha.com/company/3313227373
浪潮集团有限公司,https://www.tianyancha.com/company/6923813
北京神舟航天软件技术股份有限公司,https://www.tianyancha.com/company/972774
东软集团股份有限公司,https://www.tianyancha.com/company/3277271
四川久远银海软件股份有限公司,https://www.tianyancha.com/company/27527024
厦门同步天成软件股份有限公司,https://www.tianyancha.com/company/2357808099
开普云信息科技股份有限公司,https://www.tianyancha.com/company/3245533082
北京大数元科技发展有限公司,https://www.tianyancha.com/company/2354576053
北京用友政务软件股份有限公司,https://www.tianyancha.com/company/3222656625
长春吉大正元信息技术股份有限公司,https://www.tianyancha.com/company/13854344
北京数字政通科技股份有限公司,https://www.tianyancha.com/company/17933527
福建博思软件股份有限公司,https://www.tianyancha.com/company/107827944
泰豪软件股份有限公司,https://www.tianyancha.com/company/25161451
江苏南大先腾信息产业股份有限公司,https://www.tianyancha.com/company/2358850121
北京华宇信息技术有限公司,https://www.tianyancha.com/company/14023997
上海熙菱信息技术有限公司,https://www.tianyancha.com/company/464870031
中科恒运股份有限公司,https://www.tianyancha.com/company/3215662353
福建榕基软件股份有限公司,https://www.tianyancha.com/company/23729971
国泰新点软件股份有限公司,https://www.tianyancha.com/company/3414424074
北京久其软件股份有限公司,https://www.tianyancha.com/company/21308117
任子行网络技术股份有限公司,https://www.tianyancha.com/company/624267351
浪潮集团有限公司,https://www.tianyancha.com/company/6923813
阿里云计算有限公司,https://www.tianyancha.com/company/138473506
华为技术有限公司,https://www.tianyancha.com/company/24416401
腾讯云计算(北京)有限责任公司,https://www.tianyancha.com/company/19031905
广州鼎甲计算机科技有限公司|,https://www.tianyancha.com/company/184895373
京东数字科技控股股份有限公司,https://www.tianyancha.com/company/3448504655
北京金山云网络技术有限公司,https://www.tianyancha.com/company/24927189
百度云智(北京)科技有限公司,https://www.tianyancha.com/company/4044578449
新华三技术有限公司,https://www.tianyancha.com/company/2990486252
北京青云科技股份有限公司,https://www.tianyancha.com/company/3337581208
浪潮集团有限公司,https://www.tianyancha.com/company/6923813
格创东智科技有限公司,https://www.tianyancha.com/company/3229223896
树根互联股份有限公司,https://www.tianyancha.com/company/2357752698
深圳华龙讯达信息技术股份有限公司,https://www.tianyancha.com/company/1597148354
华为技术有限公司,https://www.tianyancha.com/company/24416401
腾讯云计算(北京)有限责任公司,https://www.tianyancha.com/company/19031905
阿里巴巴集团控股有限公司,https://www.tianyancha.com/company/80351256
北京平凯星辰科技发展有限公司,https://www.tianyancha.com/company/2311728012
天津神舟通用数据技术有限公司,https://www.tianyancha.com/company/476598404
北京奥星贝斯科技有限公司,https://www.tianyancha.com/company/3441557794
北京人大金仓信息技术股份有限公司,https://www.tianyancha.com/company/25000953
武汉达梦数据库股份有限公司,https://www.tianyancha.com/company/35305914
湖南麒麟信安科技股份有限公司,https://www.tianyancha.com/company/1089899797
上海中标软件有限公司,https://www.tianyancha.com/company/402127876
中科方德软件有限公司,https://www.tianyancha.com/company/22232042
统信软件技术有限公司,https://www.tianyancha.com/company/3388017491
武汉深之度科技有限公司,https://www.tianyancha.com/company/1204740254
广东中兴新支点技术有限公司,https://www.tianyancha.com/company/2327769452
广东爱瓦力科技股份有限公司,https://www.tianyancha.com/company/2376595758
普华基础软件股份有限公司,https://www.tianyancha.com/company/25001010
中科红旗(北京)信息科技有限公司,https://www.tianyancha.com/company/3290108600
科大讯飞股份有限公司,https://www.tianyancha.com/company/1186041
深圳市图灵机器人有限公司,https://www.tianyancha.com/company/2320270162
广州麦仑信息科技有限公司,https://www.tianyancha.com/company/2349735391
北京中科寒武纪科技有限公司,https://www.tianyancha.com/company/3392806133
深兰科技(上海)有限公司,https://www.tianyancha.com/company/3030345928
云从科技集团股份有限公司,https://www.tianyancha.com/company/3396279602
云知声智能科技股份有限公司,https://www.tianyancha.com/company/3342806707
索信达控股有限公司,https://www.tianyancha.com/company/3395191448
北京市商汤科技开发有限公司,https://www.tianyancha.com/company/53901112
深圳地平线机器人科技有限公司,https://www.tianyancha.com/company/2354051171
旷视科技有限公司,https://www.tianyancha.com/company/3221629872
上海派拉软件股份有限公司,https://www.tianyancha.com/company/686335093
北京鸿渐科技有限公司,https://www.tianyancha.com/company/3191567604
北京启明星辰信息安全技术有限公司,https://www.tianyancha.com/company/24486215
东软集团股份有限公司,https://www.tianyancha.com/company/3277271
北京北信源软件股份有限公司,https://www.tianyancha.com/company/1587526
绿盟科技集团股份有限公司,https://www.tianyancha.com/company/3414868019
中孚信息股份有限公司,https://www.tianyancha.com/company/2344649804
深信服科技股份有限公司,https://www.tianyancha.com/company/2979980021
北京顶象技术有限公司,https://www.tianyancha.com/company/3046489948
三六零安全科技股份有限公司,https://www.tianyancha.com/company/3158824606
上海三零卫士信息安全有限公司,https://www.tianyancha.com/company/30832185
厦门市美亚柏科信息股份有限公司,https://www.tianyancha.com/company/31333007
山石网科通信技术股份有限公司,https://www.tianyancha.com/company/3287216446
奇安信科技集团股份有限公司,https://www.tianyancha.com/company/3335603350
北京浩瀚深度信息技术股份有限公司,https://www.tianyancha.com/company/24671383
成都卫士通信息产业股份有限公司,https://www.tianyancha.com/company/26372672
杭州迪普科技股份有限公司,https://www.tianyancha.com/company/2944524281
北京东方通科技股份有限公司,https://www.tianyancha.com/company/9419219
北京网御星云信息技术有限公司,https://www.tianyancha.com/company/21457400
任子行网络技术股份有限公司,https://www.tianyancha.com/company/624267351
浙江正泰中自控制工程有限公司,https://www.tianyancha.com/company/322457408
四川安控科技股份有限公司,https://www.tianyancha.com/company/21386639
上海步科自动化股份有限公司,https://www.tianyancha.com/company/485246505
杭州优稳自动化系统有限公司,https://www.tianyancha.com/company/73896611
上海自动化仪表股份有限公司,https://www.tianyancha.com/company/3079798342
厦门永陛科技有限公司,https://www.tianyancha.com/company/399916888
和利时科技集团有限公司,https://www.tianyancha.com/company/14711542
浙江中控技术股份有限公司,https://www.tianyancha.com/company/66195346
北京寄云鼎城科技有限公司,https://www.tianyancha.com/company/28981922
深圳华龙讯达信息技术股份有限公司,https://www.tianyancha.com/company/1597148354
北京启明星辰信息安全技术有限公司,https://www.tianyancha.com/company/24486215
北京北信源软件股份有限公司,https://www.tianyancha.com/company/1587526
绿盟科技集团股份有限公司,https://www.tianyancha.com/company/3414868019
深圳融安网络科技有限公司,https://www.tianyancha.com/company/3171735769
北京顶象技术有限公司,https://www.tianyancha.com/company/3046489948
北京圣博润高新技术股份有限公司,https://www.tianyancha.com/company/21147192
上海三零卫士信息安全有限公司,https://www.tianyancha.com/company/30832185
亚信科技控股有限公司,https://www.tianyancha.com/company/3395075518
北京威努特技术有限公司,https://www.tianyancha.com/company/30128630
北京安帝科技有限公司,https://www.tianyancha.com/company/3299310341
北京六方云信息技术有限公司,https://www.tianyancha.com/company/3407835609
奇安信科技集团股份有限公司,https://www.tianyancha.com/company/3335603350
杭州安恒信息技术股份有限公司,https://www.tianyancha.com/company/3150770039
北京力控华康科技有限公司,https://www.tianyancha.com/company/10090421
杭州迪普科技股份有限公司,https://www.tianyancha.com/company/2944524281
和利时科技集团有限公司,https://www.tianyancha.com/company/14711542
北京网藤科技有限公司,https://www.tianyancha.com/company/2413624462
北京网御星云信息技术有限公司,https://www.tianyancha.com/company/21457400
杭州匠兴科技有限公司,https://www.tianyancha.com/company/3105171959
广东美云智数科技有限公司,https://www.tianyancha.com/company/3219711702
北京力控元通科技有限公司,https://www.tianyancha.com/company/10090509
四川安控科技股份有限公司,https://www.tianyancha.com/company/21386639
北京众驰自动化设备有限公司,https://www.tianyancha.com/company/2350683721
徐工汉云技术股份有限公司,https://www.tianyancha.com/company/2350011965
烟台国工智能科技有限公司,https://www.tianyancha.com/company/3165813366
北京亚控科技发展有限公司,https://www.tianyancha.com/company/19081611
